Humidity,Soil_Moisture,Air_Quality,Water_Level,Disease_Class
77.94431516,49.73279157,82.76309316,61.08356005,Apple___healthy
61.02957502,45.01742136,93.67513716,50.26003847,Apple___healthy
87.60840015,58.3789558,44.27905265,47.43448133,Apple___Apple_scab
61.76985004,40.32600697,74.02045685,68.6873403,Apple___healthy
57.3689784,39.92315347,63.08984408,76.48943035,Apple___Cedar_apple_rust
62.39730735,42.57885694,85.35032326,50.39421076,Apple___healthy
84.02727564,55.49463051,34.64768646,49.97791329,Apple___Apple_scab
66.23422152,45.39987106,73.40672777,68.64236565,Apple___healthy
64.02279189,37.80819034,68.13609602,69.18248047,Apple___Cedar_apple_rust
64.96711707,33.81767953,65.54929359,68.39254766,Apple___Cedar_apple_rust
86.99012744,55.53628616,46.68289194,44.83954261,Apple___Apple_scab
90.64841365,62.14179157,42.53185022,42.68549702,Apple___Apple_scab
85.53193706,47.46503583,54.67228761,33.17816335,Apple___Black_rot
96.43273795,56.91754921,37.20100932,57.51766167,Apple___Apple_scab
68.82241625,36.08828119,79.22984649,73.23437365,Apple___Cedar_apple_rust
65.69680989,36.81607081,73.59286395,63.36170273,Apple___healthy
78.03861827,56.03456166,48.2205694,33.70391136,Apple___Black_rot
76.83744332,50.31192057,59.51220402,41.22969176,Apple___Black_rot
60.00225504,37.25993663,73.27047188,66.68802358,Apple___Cedar_apple_rust
85.20315582,62.01302133,35.57519745,48.65632004,Apple___Apple_scab
51.36706401,32.56852913,61.42069778,63.28811058,Apple___Cedar_apple_rust
79.61173155,59.3964209,59.84967004,44.5292343,Apple___Black_rot
62.2109351,32.97277914,79.26720641,60.78783667,Apple___Cedar_apple_rust
72.62489755,52.38980692,40.38384554,49.13229242,Apple___Black_rot
77.95188796,56.15691884,50.18844256,35.18593518,Apple___Black_rot
94.79808242,61.60935202,45.40316424,58.41989042,Apple___Apple_scab
67.17528559,30.00718892,74.78133952,78.52927596,Apple___Cedar_apple_rust
79.43564165,46.13669479,81.31852489,54.86344382,Apple___healthy
62.07274401,27.45066548,65.47280836,68.6246774,Apple___Cedar_apple_rust
73.17210211,56.88340898,51.07604481,49.1614696,Apple___Black_rot
89.18479755,64.04517532,31.45803671,43.25399488,Apple___Apple_scab
95.13503011,68.15222005,38.10205389,58.52388137,Apple___Apple_scab
64.04292192,33.1809082,60.13755924,69.85070761,Apple___Cedar_apple_rust
88.80646837,52.4600659,37.20467838,50.3339677,Apple___Apple_scab
72.13961278,59.03623571,48.05960358,39.6194578,Apple___Black_rot
80.36013111,62.46811916,36.96191186,46.71220909,Apple___Apple_scab
90.25005298,67.48445049,44.14172955,52.81230367,Apple___Apple_scab
83.92577552,50.35423287,42.43772187,47.90235481,Apple___Black_rot
74.42418884,45.37986809,56.25971477,39.08754669,Apple___Black_rot
90.81396953,69.28057694,45.66396827,43.26070674,Apple___Apple_scab
51.03671598,37.91349555,61.24788137,76.61898342,Apple___Cedar_apple_rust
66.28251371,37.28866494,76.02891552,73.76091114,Apple___Cedar_apple_rust
96.5878933,57.90275487,42.92917483,54.54113523,Apple___Apple_scab
63.2843877,31.26790701,63.46992101,72.07057613,Apple___Cedar_apple_rust
90.66057734,68.26573895,31.0866407,44.80797826,Apple___Apple_scab
63.41048247,36.75990314,99.9915302,60.85448887,Apple___healthy
61.6827993,41.16808499,71.5547061,63.30073349,Apple___healthy
87.88198407,56.35668432,46.12507242,33.72202836,Apple___Black_rot
83.31909791,65.7797032,43.74038533,44.09360218,Apple___Apple_scab
50.0398427,33.35521183,61.57878806,60.80516006,Apple___Cedar_apple_rust
64.5299155,39.88840609,85.73534169,65.99710512,Apple___healthy
58.55202667,26.53278499,63.41416727,65.02338535,Apple___Cedar_apple_rust
51.67108675,32.1939485,78.70969027,65.50478362,Apple___Cedar_apple_rust
61.65852114,31.94310612,62.52004056,78.67498846,Apple___Cedar_apple_rust
62.42584898,35.85516227,77.05094842,69.85639169,Apple___Cedar_apple_rust
72.99265798,34.47191677,73.7289167,61.32809281,Apple___healthy
77.06018911,49.72421489,88.72713988,58.92011546,Apple___healthy
62.4407647,30.610005,98.62153082,53.06702806,Apple___healthy
90.38771719,64.28065289,48.12222004,44.57353559,Apple___Apple_scab
66.76983668,33.97897657,72.5465787,64.62761273,Apple___Cedar_apple_rust
81.58813169,57.42344847,49.3209501,50.13840876,Apple___Apple_scab
67.27259205,45.01229503,78.07729693,51.98882786,Apple___healthy
89.75444779,59.51730512,44.334796,42.87808507,Apple___Black_rot
62.15505366,31.45214466,79.36152763,76.11297611,Apple___Cedar_apple_rust
81.30732315,56.33893176,46.93937708,54.15442701,Apple___Apple_scab
83.03333651,46.4917166,42.61420753,32.66959945,Apple___Black_rot
85.40814836,58.61897391,42.11329369,48.66226663,Apple___Black_rot
62.39188492,39.8323175,74.16481518,50.26188913,Apple___healthy
78.91805413,53.53026772,44.32076365,38.42496107,Apple___Black_rot
64.6546695,36.29879457,64.99337905,60.83830433,Apple___Cedar_apple_rust
72.12858119,32.22394965,71.90124911,58.3754105,Apple___healthy
65.01879597,37.09948039,66.52507836,60.21622167,Apple___Cedar_apple_rust
60.10123168,31.12606551,77.63921964,53.32566738,Apple___healthy
96.99950743,68.63507439,31.44632951,50.42919277,Apple___Apple_scab
77.54678707,32.02245352,90.0592966,60.51380365,Apple___healthy
84.09762548,62.15810428,36.42991402,52.68727378,Apple___Apple_scab
70.45465659,42.70187302,90.02673216,51.70699336,Apple___healthy
69.54013909,25.41885397,64.59653452,79.42301815,Apple___Cedar_apple_rust
84.25288753,66.53414719,46.70960451,53.22028508,Apple___Apple_scab
97.64832737,64.58346975,36.26695835,47.06100783,Apple___Apple_scab
89.42574335,60.10910236,42.15504245,44.48586967,Apple___Apple_scab
97.45507679,59.51092075,46.94121654,58.94181334,Apple___Apple_scab
93.08585105,61.54399773,36.32540299,48.7322838,Apple___Apple_scab
84.07532918,51.60360028,41.05001935,58.36852864,Apple___Apple_scab
79.4602111,31.47593129,74.1931713,61.90155861,Apple___healthy
74.41539226,40.96424078,59.89732634,41.75538722,Apple___Black_rot
51.40983891,36.74239256,72.16639,79.80664608,Apple___Cedar_apple_rust
67.77354579,38.77942841,91.12239304,69.69682398,Apple___healthy
66.79603213,23.12953432,71.58628933,68.1549621,Apple___Cedar_apple_rust
85.05433279,49.49261751,58.73915646,34.0496112,Apple___Black_rot
74.63987884,47.02273343,79.28582849,62.55416106,Apple___healthy
89.37535931,67.39938319,36.05831458,40.50386828,Apple___Apple_scab
93.52355124,50.61911582,44.77194916,48.45258394,Apple___Apple_scab
85.1724167,57.89152151,35.62008998,40.24206234,Apple___Apple_scab
62.20103849,43.66013547,84.53568956,58.17468342,Apple___healthy
55.94581581,34.45475504,66.12926936,73.84022512,Apple___Cedar_apple_rust
77.26206852,37.11945357,83.77407269,54.49209646,Apple___healthy
74.26209408,50.88978196,50.54082928,39.16373773,Apple___Black_rot
89.18530394,53.08919494,49.13599631,50.78189105,Apple___Apple_scab
89.46977938,53.85251904,40.51623814,38.80397996,Apple___Black_rot
63.47290835,23.12413137,74.32099946,67.85790218,Apple___Cedar_apple_rust
99.28953308,51.42015329,46.07917015,55.08529947,Apple___Apple_scab
94.15670194,50.73442725,38.15086062,52.44686529,Apple___Apple_scab
67.32723687,48.26481105,95.26356769,57.94574581,Apple___healthy
87.7749616,59.42790188,49.30411225,46.3557066,Apple___Black_rot
80.83801895,49.63044703,49.58363755,34.30403744,Apple___Black_rot
51.35005093,38.03548057,73.47988416,62.37418191,Apple___Cedar_apple_rust
87.15596531,50.5089552,40.00802291,45.64944853,Apple___Apple_scab
63.45405988,30.65008133,65.73039098,77.91125696,Apple___Cedar_apple_rust
53.43387815,24.22463663,64.24894554,68.84214069,Apple___Cedar_apple_rust
87.60801098,56.84895958,45.45842964,58.65849725,Apple___Apple_scab
69.37074663,27.01041069,72.47996971,79.39447266,Apple___Cedar_apple_rust
69.85035388,42.5511616,85.69196274,51.50275563,Apple___healthy
76.57475018,30.50701487,74.09114427,52.49325362,Apple___healthy
66.08484486,43.94031482,81.29390101,65.24917371,Apple___healthy
68.65421016,20.62298186,69.16647189,79.16236018,Apple___Cedar_apple_rust
64.96768699,28.49701686,71.41754834,62.3271697,Apple___Cedar_apple_rust
91.19511367,68.33270472,30.08726539,44.14151618,Apple___Apple_scab
79.07857154,42.40265196,79.04133622,63.89392942,Apple___healthy
85.94852043,48.61775047,42.55426967,42.31970901,Apple___Black_rot
81.03913155,69.85633678,38.05746565,51.30170625,Apple___Apple_scab
81.9306894,68.18909222,45.60752247,55.72411305,Apple___Apple_scab
82.99293298,49.25245913,59.82511987,38.64153766,Apple___Black_rot
63.54221359,47.80527568,81.30833288,66.38204635,Apple___healthy
77.74172849,37.52519171,74.63088146,67.47780155,Apple___healthy
63.48732858,40.99057765,99.47135851,50.44938617,Apple___healthy
86.02530522,52.61304688,31.31389718,56.77994655,Apple___Apple_scab
75.19507568,51.85901703,49.00741873,41.30043986,Apple___Black_rot
70.93420559,42.45780952,85.60923103,63.93301648,Apple___healthy
61.87349536,30.86319824,71.99488802,64.65144194,Apple___healthy
97.29127219,53.89247673,36.23727716,50.17781111,Apple___Apple_scab
62.15782854,42.51719831,71.22605849,61.90770035,Apple___healthy
55.37067512,31.1811857,71.61398169,76.37480459,Apple___Cedar_apple_rust
74.40972418,46.91869985,45.48321333,32.43002753,Apple___Black_rot
89.75336016,55.95118201,54.36246152,46.88714165,Apple___Black_rot
95.51223702,65.02356096,46.45069589,47.84916372,Apple___Apple_scab
83.10483961,44.94462149,43.50605885,44.6560309,Apple___Black_rot
83.17566733,48.6061179,47.97645562,46.03074224,Apple___Black_rot
58.07202005,30.83521929,66.85290293,74.77733354,Apple___Cedar_apple_rust
65.42698064,31.56912763,76.38892485,66.77796173,Apple___healthy
77.9422052,45.06756371,87.43714664,68.00037284,Apple___healthy
86.98391303,49.83189093,50.67205093,39.75708088,Apple___Black_rot
60.90454578,45.9037239,92.65411767,59.01678743,Apple___healthy
87.6757177,48.77230838,44.53312804,47.22739993,Apple___Black_rot
61.27116701,32.32145281,79.86254831,53.52773973,Apple___healthy
56.25814788,35.33030099,76.80216157,76.11429051,Apple___Cedar_apple_rust
75.94698015,57.20244794,58.68872054,45.70033088,Apple___Black_rot
72.46596254,45.15692221,99.40097726,59.04879032,Apple___healthy
63.48039838,27.83718746,76.94775861,68.5991524,Apple___Cedar_apple_rust
72.62277252,40.46195688,74.90967829,61.93685698,Apple___healthy
78.64669602,57.57031123,46.06550295,35.4614162,Apple___Black_rot
64.98584458,42.84838556,83.82336304,53.81375441,Apple___healthy
76.70604991,38.96891044,74.58577418,58.72253058,Apple___healthy
75.89622607,42.58797276,74.92797394,56.68487782,Apple___healthy
52.11811609,30.36016133,69.78785075,69.64264198,Apple___Cedar_apple_rust
55.71516649,25.06544767,64.58731554,70.93391364,Apple___Cedar_apple_rust
96.51956425,56.2243499,31.0471004,48.33131657,Apple___Apple_scab
85.99838223,65.88421325,39.68154139,59.40514219,Apple___Apple_scab
54.8404416,25.43892079,62.86002245,72.2366204,Apple___Cedar_apple_rust
70.78853623,49.10440298,40.36465165,39.76482274,Apple___Black_rot
73.44271095,37.78403357,78.51327717,66.34887123,Apple___healthy
84.64449773,42.50371584,46.82495655,34.82402915,Apple___Black_rot
77.00250518,40.80218383,57.88381749,42.91621625,Apple___Black_rot
89.69392574,61.44097287,32.21996198,58.15797588,Apple___Apple_scab
68.80304987,41.81666521,73.87478245,68.94566679,Apple___healthy
99.53600657,55.40495384,40.42592095,56.5501264,Apple___Apple_scab
65.84289297,47.34144637,99.09743193,52.54977325,Apple___healthy
63.45743337,35.21702662,60.01306782,63.36407312,Apple___Cedar_apple_rust
79.9175147,47.82163073,46.95143048,47.46645832,Apple___Black_rot
60.05262485,27.20853654,60.69823105,79.56709574,Apple___Cedar_apple_rust
82.21978938,58.80882701,49.26998482,55.18010565,Apple___Apple_scab
74.9298281,47.37198256,98.95080732,55.94243431,Apple___healthy
83.87364452,59.98827452,41.16327591,41.43744542,Apple___Black_rot
83.47523186,51.43423778,37.37414342,55.31093501,Apple___Apple_scab
83.60281544,54.7280403,47.20272815,30.7062271,Apple___Black_rot
90.87076435,52.16051508,38.14212978,59.62355674,Apple___Apple_scab
70.78684484,31.38722602,92.44779071,68.92230924,Apple___healthy
84.04031337,58.4406852,30.07639845,45.64957488,Apple___Apple_scab
98.18440412,63.73179827,38.98699484,45.77769878,Apple___Apple_scab
58.57888667,32.13693911,76.34815695,64.22251885,Apple___Cedar_apple_rust
57.05917007,20.36248082,76.33947815,65.75890685,Apple___Cedar_apple_rust
85.23411367,51.8771457,46.55037844,47.76331412,Apple___Apple_scab
72.59029843,44.7508665,54.6130102,44.5195982,Apple___Black_rot
73.03922519,44.92089759,84.14728566,54.90698219,Apple___healthy
60.37401989,24.06945485,61.25129684,79.61136454,Apple___Cedar_apple_rust
99.34253231,63.84985653,38.67634839,57.85116455,Apple___Apple_scab
88.74456974,40.5994718,57.24028965,46.09977999,Apple___Black_rot
67.86195449,41.07708569,93.85801936,51.02851627,Apple___healthy
98.12509161,63.38400526,41.47057903,45.19809958,Apple___Apple_scab
51.51167228,27.39148399,61.64544649,61.00699054,Apple___Cedar_apple_rust
76.30922857,35.59867794,88.66260101,57.96337387,Apple___healthy
55.84766221,20.80701654,78.21211434,66.50422393,Apple___Cedar_apple_rust
51.62298357,23.75444811,77.41338068,77.58660431,Apple___Cedar_apple_rust
83.94942923,40.73342854,45.2622514,45.2198152,Apple___Black_rot
76.64885282,32.8016803,97.9818545,54.9697828,Apple___healthy
86.89566456,41.46391848,40.22062529,32.70708165,Apple___Black_rot
79.01428613,37.70195457,86.08289099,68.79664247,Apple___healthy
96.09813554,67.60629524,40.35921055,46.90683904,Apple___Apple_scab
82.8394398,57.29187456,46.44359774,59.46156326,Apple___Apple_scab
93.91798236,67.47397187,36.35173591,58.36478173,Apple___Apple_scab
86.50208031,57.7597352,36.31254688,46.05861811,Apple___Apple_scab
63.12037281,33.38985493,90.54193518,52.78544145,Apple___healthy
61.49101287,33.12874085,97.12476083,51.09523278,Apple___healthy
96.56498505,62.73804635,39.1539921,40.75142181,Apple___Apple_scab
76.1488031,32.01556003,75.53563058,57.46618633,Apple___healthy
85.74275916,68.83451423,32.85751923,51.54245172,Apple___Apple_scab
69.94497012,37.44036172,76.34344021,66.60439729,Apple___healthy
75.47253333,44.31350305,52.3917591,42.72354729,Apple___Black_rot
64.44215621,43.93474331,96.85620513,63.43785487,Apple___healthy
65.93362794,22.30789284,76.05280625,78.18350528,Apple___Cedar_apple_rust
90.54799244,58.61970441,33.33906177,41.4231657,Apple___Apple_scab
76.30580676,41.57156994,50.50326767,40.36816044,Apple___Black_rot
99.68220638,63.45933245,37.54636108,55.60731006,Apple___Apple_scab
70.67891957,45.83325157,58.5406909,37.88952557,Apple___Black_rot
61.86205536,31.69675428,79.71037709,55.48110441,Apple___healthy
65.74774054,24.98017472,71.93821381,70.80593064,Apple___Cedar_apple_rust
80.14935468,42.44219828,58.61190429,41.86088668,Apple___Black_rot
79.33309638,31.55469274,86.30658583,52.73637262,Apple___healthy
63.90485976,41.68628624,80.76491452,64.56377512,Apple___healthy
58.68041945,30.14119293,65.57286126,78.76964316,Apple___Cedar_apple_rust
86.74026657,43.35238433,46.06256712,30.10459227,Apple___Black_rot
83.56032305,43.3951581,50.41915955,46.00141937,Apple___Black_rot
64.28105447,33.84717845,67.49096487,67.4691589,Apple___Cedar_apple_rust
74.16145156,31.94352988,91.77158525,65.77194422,Apple___healthy
96.62747029,67.31154291,32.93925419,46.19575718,Apple___Apple_scab
53.20730812,25.50576427,60.20568992,71.47899732,Apple___Cedar_apple_rust
70.40136042,34.31642055,90.14719587,61.30266367,Apple___healthy
78.15132948,31.41137495,73.61907613,54.10279281,Apple___healthy
62.64564307,35.83116405,68.79480973,77.96772933,Apple___Cedar_apple_rust
79.73773873,35.00485796,80.44766401,56.70394483,Apple___healthy
99.58209876,69.28034814,35.90602955,53.26094384,Apple___Apple_scab
65.28881456,24.64036361,60.49943324,73.42186314,Apple___Cedar_apple_rust
87.37246336,44.75088262,56.55075791,45.31025798,Apple___Black_rot
73.53056064,48.50986669,51.56773834,34.81385424,Apple___Black_rot
55.28552526,36.0762909,71.26816729,71.35948595,Apple___Cedar_apple_rust
77.74425485,39.48347658,73.84137517,61.61176701,Apple___healthy
67.8171107,36.0562187,78.57261124,78.08486583,Apple___Cedar_apple_rust
54.83073683,39.21840294,61.23616921,67.49443941,Apple___Cedar_apple_rust
78.49387237,42.36436127,75.12662762,69.68804361,Apple___healthy
64.65398101,29.48510042,61.70206972,71.9216391,Apple___Cedar_apple_rust
61.78907979,36.43661893,78.54247564,68.06415512,Apple___Cedar_apple_rust
97.11392188,60.22550924,42.44827283,42.63430057,Apple___Apple_scab
54.39107846,27.09849322,73.23827265,61.90721843,Apple___Cedar_apple_rust
90.46781823,54.13985157,46.91842879,51.39079559,Apple___Apple_scab
84.5063386,59.64082116,45.06855845,59.02859621,Apple___Apple_scab
73.27247642,42.13186061,55.61523172,46.79604571,Apple___Black_rot
85.60074659,58.88087498,32.40414458,54.57962123,Apple___Apple_scab
85.20573715,61.07422971,40.61875357,45.30652275,Apple___Apple_scab
95.76894687,60.82815215,39.85729169,59.04443571,Apple___Apple_scab
64.64802098,23.39456857,65.22097052,67.95368829,Apple___Cedar_apple_rust
72.20948226,54.63179044,41.91070628,45.38446296,Apple___Black_rot
87.24085302,44.84090032,45.69745804,43.76269412,Apple___Black_rot
82.52529483,50.77992025,43.03279521,56.96850758,Apple___Apple_scab
99.26788868,52.08449606,43.85064863,41.52478436,Apple___Apple_scab
89.3820526,51.57350817,46.46743124,46.31893878,Apple___Black_rot
60.298667,20.38289736,66.86773404,79.47600827,Apple___Cedar_apple_rust
53.18984525,35.24605249,74.49196574,75.66595966,Apple___Cedar_apple_rust
55.34804056,33.23368577,74.50012153,71.55263509,Apple___Cedar_apple_rust
62.89789744,40.10504745,87.60523354,53.6287087,Apple___healthy
92.41857135,52.81105935,47.60313476,40.02947644,Apple___Apple_scab
85.84436461,59.77795664,30.35104727,45.48143179,Apple___Apple_scab
90.8158751,53.33720403,32.10729845,53.87236115,Apple___Apple_scab
57.98070635,32.64782649,71.35454636,69.51192384,Apple___Cedar_apple_rust
78.80917169,39.11313506,83.88039357,65.98831758,Apple___healthy
73.07791813,51.84700657,50.80023829,44.56981354,Apple___Black_rot
97.8797942,59.72000988,44.81808112,51.63244586,Apple___Apple_scab
64.79123781,48.05105813,86.11319625,50.53064408,Apple___healthy
56.15591663,26.83810556,76.53717122,75.14565957,Apple___Cedar_apple_rust
82.78490742,58.86760029,40.20864978,48.95346851,Apple___Apple_scab
74.6591895,43.34965165,56.119851,44.32646776,Apple___Black_rot
50.24313543,24.12504228,69.30019035,66.84215242,Apple___Cedar_apple_rust
80.2521504,67.15124675,44.07714183,57.10060403,Apple___Apple_scab
61.95344228,40.85289269,77.42044305,58.01702834,Apple___healthy
88.55504566,54.50515321,47.09992612,46.93028677,Apple___Black_rot
76.37505006,51.35081697,51.34624439,40.24443842,Apple___Black_rot
55.75265458,30.15610128,61.34033076,74.69851695,Apple___Cedar_apple_rust
93.35839998,55.50762349,49.28156833,49.52671467,Apple___Apple_scab
94.86386397,55.51535137,44.94888813,48.75322656,Apple___Apple_scab
67.63381224,32.49228096,67.59503046,73.19011963,Apple___Cedar_apple_rust
66.57111196,38.56364196,61.32330378,63.41872805,Apple___Cedar_apple_rust
55.42192508,31.67427175,79.78902262,66.56358966,Apple___Cedar_apple_rust
68.27576888,30.55354932,70.49471275,77.95929294,Apple___Cedar_apple_rust
81.8587987,54.66226045,46.66003826,49.69339479,Apple___Black_rot
74.36507776,53.17415551,52.14188072,45.97428383,Apple___Black_rot
50.16639884,26.27653616,67.4434651,74.29506553,Apple___Cedar_apple_rust
82.21441187,69.32834772,49.52027647,53.94418764,Apple___Apple_scab
89.27864973,59.4498671,35.89238793,59.62385058,Apple___Apple_scab
67.41053933,23.9330717,68.04812519,70.59881174,Apple___Cedar_apple_rust
84.7902034,57.50659816,31.51210081,57.25280942,Apple___Apple_scab
90.42891378,59.8465096,45.62643711,57.30591518,Apple___Apple_scab
95.89156557,55.71567111,37.31361497,43.58511224,Apple___Apple_scab
86.6043013,58.22042151,48.58456107,47.14058688,Apple___Apple_scab
85.34376578,54.28173864,52.21961978,43.22741222,Apple___Black_rot
61.06742379,29.09528685,72.22927222,60.47415507,Apple___Cedar_apple_rust
97.55660156,56.18745436,39.52873973,44.44151741,Apple___Apple_scab
71.81785886,45.04749059,78.55285506,52.80226352,Apple___healthy
86.28700226,52.85188288,42.88298443,53.09301374,Apple___Apple_scab
64.10921661,39.97785224,76.55106105,78.30121465,Apple___Cedar_apple_rust
66.28711962,43.17387263,75.31031453,54.19811186,Apple___healthy
68.41533217,37.95838374,78.16869104,70.62588037,Apple___Cedar_apple_rust
85.16526392,49.94349528,59.31644322,31.77200859,Apple___Black_rot
90.77403596,52.28975276,41.71729577,47.95673251,Apple___Apple_scab
75.23239231,30.21675303,80.89246889,56.83634703,Apple___healthy
58.2391619,37.72186871,68.22394978,67.89144631,Apple___Cedar_apple_rust
72.66807513,48.82929618,96.20735872,58.01526122,Apple___healthy
88.64056211,53.33728515,56.44961127,42.06975333,Apple___Black_rot
75.3405654,46.74006353,41.78248864,41.10169899,Apple___Black_rot
65.61869019,46.71960241,80.51762676,67.39792724,Apple___healthy
89.68166938,57.89633312,44.73741118,45.28745324,Apple___Black_rot
89.67955296,55.95627298,56.27940539,47.45460501,Apple___Black_rot
81.92539757,54.04929941,52.20667567,48.03523984,Apple___Black_rot
80.82533157,57.35836589,53.89902178,31.29707189,Apple___Black_rot
59.08690846,31.53404798,79.99115407,76.89331818,Apple___Cedar_apple_rust
89.75142387,58.69191922,47.8618041,41.24406452,Apple___Apple_scab
97.16354106,63.76810037,44.05081003,56.71651856,Apple___Apple_scab
70.24186117,31.82412206,72.40701237,67.89104454,Apple___healthy
57.08542654,30.71870158,61.84721056,70.99737126,Apple___Cedar_apple_rust
52.05135925,31.86316438,78.66410176,63.26038228,Apple___Cedar_apple_rust
55.06203078,33.08265474,63.92838432,73.67732904,Apple___Cedar_apple_rust
82.29865994,58.15168417,42.71909414,57.42828068,Apple___Apple_scab
89.94249,53.1777094,53.00402185,45.71303236,Apple___Black_rot
75.46519054,55.64770968,44.78360208,30.52393417,Apple___Black_rot
62.31738119,34.95461979,77.74733165,59.04435882,Apple___healthy
63.73037021,36.57329091,74.8204412,68.96906614,Apple___healthy
76.36029532,46.89750622,83.87604148,64.31944458,Apple___healthy
91.97957016,69.61478687,46.2224754,45.80091064,Apple___Apple_scab
60.50838253,37.49225229,75.76867056,60.04390021,Apple___healthy
66.09227538,39.31196036,95.48942172,61.6678359,Apple___healthy
73.81875476,38.83061003,73.36116707,55.37354719,Apple___healthy
68.54215577,36.37951261,81.06740919,53.12305195,Apple___healthy
82.2819157,69.43065382,44.80952264,59.21253951,Apple___Apple_scab
62.75041888,32.34134033,95.96521378,55.15775371,Apple___healthy
70.28468877,42.99927862,78.20221216,64.44505137,Apple___healthy
71.30712682,40.66406218,43.62876695,31.33304081,Apple___Black_rot
89.24591122,51.74185534,40.45153199,55.14620414,Apple___Apple_scab
57.1377195,24.57750925,78.58289434,68.34386837,Apple___Cedar_apple_rust
57.82065738,31.66381609,64.93317232,76.34610624,Apple___Cedar_apple_rust
74.48881144,44.21324378,53.01754738,43.12323675,Apple___Black_rot
58.45457274,32.96636015,61.65473671,70.64583752,Apple___Cedar_apple_rust
78.16531772,32.06247738,72.60760864,54.1577251,Apple___healthy
64.48538619,41.6673753,82.35522742,57.78591228,Apple___healthy
79.39169256,31.03363442,85.60490503,64.14477269,Apple___healthy
66.65660754,22.8568393,72.45261067,63.81219666,Apple___Cedar_apple_rust
71.53807769,39.0908213,89.95591662,52.13196506,Apple___healthy
64.74498175,37.49741159,97.88587433,57.11345433,Apple___healthy
83.09022429,57.41506901,59.67357851,36.69022577,Apple___Black_rot
64.24678221,40.36659305,95.98191669,64.87892585,Apple___healthy
60.48631933,35.61926379,94.49798318,58.69654677,Apple___healthy
54.96752521,23.8185317,75.91852774,73.16319649,Apple___Cedar_apple_rust
79.59751241,46.78900385,56.79722606,33.48218671,Apple___Black_rot
87.43073612,43.54299579,41.36344619,40.34538113,Apple___Black_rot
96.82895106,50.5507344,43.55626401,59.33691,Apple___Apple_scab
94.45628606,50.15328065,39.75255619,51.87121871,Apple___Apple_scab
87.24255235,57.08770187,51.24593632,40.11705386,Apple___Black_rot
88.41695696,47.5957156,55.20579646,31.14109442,Apple___Black_rot
76.16240759,40.91233579,72.45277096,58.81525494,Apple___healthy
74.58014336,44.75793833,98.48561871,68.39711233,Apple___healthy
83.66517527,53.13473329,58.54355639,33.2014327,Apple___Black_rot
59.17881033,33.2393789,77.48143547,76.54604299,Apple___Cedar_apple_rust
87.49403345,40.6317229,59.02806684,49.13002797,Apple___Black_rot
97.20279387,50.11011598,31.77209428,48.73991771,Apple___Apple_scab
58.31550207,21.69130756,78.0871955,61.67049829,Apple___Cedar_apple_rust
73.34067892,53.60456485,48.08637536,36.76535012,Apple___Black_rot
94.38707245,56.37733637,44.26092101,41.38015185,Apple___Apple_scab
58.68806638,21.53943339,63.6567556,61.53606097,Apple___Cedar_apple_rust
81.31463928,50.39547897,52.47171376,34.08071269,Apple___Black_rot
85.89619097,53.15690609,49.19600848,37.67665904,Apple___Black_rot
60.11268307,32.99017859,60.60207744,60.33184961,Apple___Cedar_apple_rust
71.22554395,38.67703298,80.3700185,69.22140635,Apple___healthy
57.95224757,27.50937857,66.04839023,63.45047754,Apple___Cedar_apple_rust
70.91484068,57.36284509,47.35068845,45.77229929,Apple___Black_rot
70.84186379,57.43567133,54.7374749,42.30025936,Apple___Black_rot
79.27239954,49.48789615,97.19416333,69.00474708,Apple___healthy
68.72561243,37.16046542,66.80823112,70.28190885,Apple___Cedar_apple_rust
86.33523354,52.41116833,40.22258278,50.11915815,Apple___Apple_scab
89.20716542,55.18669795,43.55084535,50.27708928,Apple___Apple_scab
97.42408965,57.71023809,32.48736798,55.61263435,Apple___Apple_scab
57.07578317,31.93703754,67.74645036,63.20451202,Apple___Cedar_apple_rust
78.52362604,47.87728811,43.04049706,32.36672382,Apple___Black_rot
54.05265268,23.39762012,67.22807558,76.47247221,Apple___Cedar_apple_rust
88.37586638,69.01062105,46.08874415,50.93154284,Apple___Apple_scab
78.4374847,49.51704159,82.10448599,64.72888471,Apple___healthy
89.25984008,49.09479711,46.92199453,41.59967575,Apple___Black_rot
74.26489574,39.46943542,89.22624234,63.27074744,Apple___healthy
77.09244315,41.63259964,52.47718649,42.49327138,Apple___Black_rot
78.42714005,49.04636569,56.45228637,31.64343335,Apple___Black_rot
51.15464318,38.42615024,70.03035921,64.52158142,Apple___Cedar_apple_rust
72.41133772,40.19541695,45.45248001,42.74402954,Apple___Black_rot
87.01163458,52.34289973,55.64056175,37.10769137,Apple___Black_rot
62.75376494,35.92482901,71.4252094,76.29342009,Apple___Cedar_apple_rust
79.2489459,49.81010284,70.60213593,64.44533864,Apple___healthy
93.35609366,59.2535121,48.85448638,50.92860632,Apple___Apple_scab
70.49512863,44.04968168,94.31659992,67.53531274,Apple___healthy
77.37052687,47.3292307,57.7320843,31.61203028,Apple___Black_rot
79.46419813,53.90934413,43.89245024,39.92922305,Apple___Black_rot
81.25306407,62.03846862,47.66929526,40.15683182,Apple___Apple_scab
76.38200946,42.84991086,56.06051796,35.09341244,Apple___Black_rot
94.20485597,58.61058677,45.63647727,55.42245632,Apple___Apple_scab
81.24546212,60.14823877,45.89031089,44.94680632,Apple___Apple_scab
87.54921725,58.18065041,53.2367838,33.29629631,Apple___Black_rot
69.78905521,46.52914932,92.36318423,61.66083122,Apple___healthy
99.69979312,62.7280274,37.15628168,48.57404042,Apple___Apple_scab
74.61339623,54.85413042,54.48677634,48.86151675,Apple___Black_rot
53.09657225,22.80649036,74.83282904,76.81817421,Apple___Cedar_apple_rust
80.54334842,55.15214441,32.45841357,49.61780293,Apple___Apple_scab
89.27862754,62.07590906,40.06167902,42.37005247,Apple___Apple_scab
61.98089174,34.1753131,61.13957454,64.53043252,Apple___Cedar_apple_rust
91.8644314,69.61974756,45.70379086,59.34070551,Apple___Apple_scab
73.27003538,39.37321284,94.29623338,50.93931934,Apple___healthy
84.99303663,58.89228439,59.26230223,36.56385507,Apple___Black_rot
67.49080238,35.88897784,90.94485142,52.33796081,Apple___healthy
78.59395305,39.16505781,88.83701168,60.48780539,Apple___healthy
51.84133972,33.13458969,76.44762422,69.15857989,Apple___Cedar_apple_rust
60.81810008,37.61946011,75.14096229,75.04936675,Apple___Cedar_apple_rust
64.87979287,49.85929592,95.2548633,55.24528089,Apple___healthy
64.1325974,30.96838326,66.27750993,67.01638219,Apple___Cedar_apple_rust
70.12771743,49.04398057,42.32732796,37.83051396,Apple___Black_rot
63.63649934,47.54746144,71.3565601,50.67064869,Apple___healthy
69.19725605,21.03978704,75.02354274,69.00117279,Apple___Cedar_apple_rust
82.68011406,59.73260246,55.80060873,45.88394663,Apple___Black_rot
99.25620714,61.38754722,37.4347859,59.57050937,Apple___Apple_scab
53.98540673,38.78136959,67.34781457,62.11748636,Apple___Cedar_apple_rust
67.17633542,27.46245237,76.9621847,62.70919074,Apple___Cedar_apple_rust
51.13171312,36.72235406,63.34982178,73.1732271,Apple___Cedar_apple_rust
78.35161552,44.56909483,51.8895267,41.64845316,Apple___Black_rot
51.28012693,39.95256595,70.21161515,66.16936563,Apple___Cedar_apple_rust
82.1547359,57.36545011,42.56788579,38.78809979,Apple___Black_rot
66.46405864,46.06961861,83.422371,53.57089324,Apple___healthy
52.10690969,29.76991265,63.25581978,61.01146208,Apple___Cedar_apple_rust
70.62268166,40.11517321,48.52166768,39.65937744,Apple___Black_rot
67.6598765,34.84506374,76.76460842,76.16811478,Apple___Cedar_apple_rust
60.06264945,33.49572604,73.56999937,76.69894411,Apple___Cedar_apple_rust
72.90345581,31.1511752,82.31190481,58.50427009,Apple___healthy
54.10665877,28.66944466,76.07609781,65.92715227,Apple___Cedar_apple_rust
77.921826,30.36443651,76.2804797,55.41489346,Apple___healthy
80.8404935,56.94554078,30.3389533,49.23432288,Apple___Apple_scab
76.95618416,41.46993495,56.84066589,38.02988632,Apple___Black_rot
62.8184845,38.17905889,81.76732135,61.82550871,Apple___healthy
54.90704628,25.54025049,68.93429055,64.48637118,Apple___Cedar_apple_rust
85.59168947,59.75299127,41.71316499,47.738498,Apple___Black_rot
81.39282296,50.46704193,37.90261815,54.25242666,Apple___Apple_scab
57.47842094,36.42776726,62.94551127,78.63109829,Apple___Cedar_apple_rust
93.29969807,53.08290086,38.08579495,40.84844596,Apple___Apple_scab
60.9771733,24.08632767,66.705581,62.39782187,Apple___Cedar_apple_rust
63.11989041,41.13602525,74.87850818,65.88050379,Apple___healthy
79.31264066,41.56560282,93.06962246,53.63195434,Apple___healthy
88.45096857,61.15417653,32.5110043,54.28653271,Apple___Apple_scab
85.53808975,60.67934945,44.13952975,40.72037637,Apple___Apple_scab
88.50496635,41.44893776,40.1512575,36.49351854,Apple___Black_rot
55.20473196,32.4748617,60.99228747,68.00424552,Apple___Cedar_apple_rust
87.02413828,55.46946251,47.98631832,30.1866324,Apple___Black_rot
53.3056898,29.10343983,66.79943728,66.12865645,Apple___Cedar_apple_rust
66.4596761,28.64692453,63.04097135,74.62972719,Apple___Cedar_apple_rust
90.90863739,56.90446286,40.01248536,54.36662351,Apple___Apple_scab
99.90875032,57.73081014,32.81605898,47.93107364,Apple___Apple_scab
97.99666691,64.05267546,39.53686937,44.83786588,Apple___Apple_scab
92.69164835,57.23839982,39.93390846,45.02002767,Apple___Apple_scab
87.71955496,56.01173398,59.2585375,30.83345801,Apple___Black_rot
74.59909212,42.40418111,52.47791673,46.0528662,Apple___Black_rot
89.95625016,57.67677766,42.49567726,58.39062049,Apple___Apple_scab
84.990924,66.58573599,49.12094287,46.90384417,Apple___Apple_scab
78.78997883,40.81270243,86.55720516,61.5257672,Apple___healthy
56.64912314,30.71313199,62.01956214,74.66000214,Apple___Cedar_apple_rust
74.51911358,49.72002128,78.6589166,52.7377126,Apple___healthy
56.93048336,21.48210845,69.6907599,62.06530018,Apple___Cedar_apple_rust
70.44247103,57.37809969,46.23632266,41.96450588,Apple___Black_rot
86.35934048,58.73211385,57.02849915,44.44141876,Apple___Black_rot
53.58729364,21.33947224,64.21013879,64.29391775,Apple___Cedar_apple_rust
93.41464624,65.23803625,30.19847642,45.93119824,Apple___Apple_scab
69.1516203,31.57613509,63.50983255,60.65318122,Apple___Cedar_apple_rust
84.11150345,40.2324108,43.91555971,33.00097329,Apple___Black_rot
82.65243786,49.77693161,52.81944155,41.21320189,Apple___Black_rot
77.85117997,33.9158227,94.18603839,67.23571242,Apple___healthy
78.73459977,37.01830025,99.084113,62.6695644,Apple___healthy
82.01274957,63.54241279,45.35135257,50.45020362,Apple___Apple_scab
54.68406742,31.85680361,69.41920505,78.6079684,Apple___Cedar_apple_rust
72.57739735,42.23839239,50.31358855,47.53301524,Apple___Black_rot
66.4156013,35.86421543,77.37873185,55.88931519,Apple___healthy
83.16903669,44.97428545,56.52135261,33.76049469,Apple___Black_rot
71.15685353,57.34062992,43.83734649,35.71813578,Apple___Black_rot
66.49486475,24.82992971,72.30258281,71.46084401,Apple___Cedar_apple_rust
97.04527749,52.97591939,49.15579602,56.34256284,Apple___Apple_scab
71.95799958,44.52182667,96.29960808,58.48261343,Apple___healthy
66.21964643,30.92005284,89.00202563,59.96735545,Apple___healthy
63.87899181,31.98604232,72.45379082,71.66504785,Apple___Cedar_apple_rust
69.12139968,40.22684798,95.14986114,65.94590732,Apple___healthy
80.79970759,59.30237393,46.09358278,31.8598128,Apple___Black_rot
66.75230343,47.54944027,85.96340456,52.08217164,Apple___healthy
92.17054545,52.80048195,44.75739037,57.07569843,Apple___Apple_scab
64.77446301,26.490236,71.13569822,68.26345034,Apple___Cedar_apple_rust
72.6017248,53.66496057,50.99059072,38.68038732,Apple___Black_rot
55.52638217,21.51399455,62.59357956,62.08909036,Apple___Cedar_apple_rust
73.02115784,54.76898419,42.42769879,46.63394087,Apple___Black_rot
95.86522701,64.47946111,30.00269386,42.03607366,Apple___Apple_scab
68.55082037,30.9060802,75.16959614,69.93748504,Apple___healthy
67.54940093,32.72748563,61.74034437,67.09795367,Apple___Cedar_apple_rust
66.98419149,48.94497155,88.31860127,50.21991657,Apple___healthy
62.2658337,33.19021537,79.39853051,76.67288021,Apple___Cedar_apple_rust
77.45377034,47.18466739,41.93352899,35.95096903,Apple___Black_rot
76.04393962,33.4658864,83.12424766,57.98005408,Apple___healthy
60.41168989,42.30014453,88.40245588,53.03349759,Apple___healthy
78.16906426,50.29634708,50.71655369,40.16721094,Apple___Black_rot
75.4193436,37.97009469,96.9036523,52.97325456,Apple___healthy
86.70416095,56.81208333,34.17765448,42.55733602,Apple___Apple_scab
88.94111088,56.04666499,40.3806456,42.05031928,Apple___Apple_scab
86.64268356,40.78687081,44.17021029,47.72391561,Apple___Black_rot
73.19968092,44.01938263,86.70288679,55.44614653,Apple___healthy
52.03786202,24.04508361,71.05324536,71.24377622,Apple___Cedar_apple_rust
90.46659262,57.09542584,40.40339785,59.01857189,Apple___Apple_scab
74.44904231,48.02316021,96.31601622,59.90982632,Apple___healthy
63.21616103,32.37635833,90.44508167,64.76067233,Apple___healthy
98.76609637,57.7896379,30.38655262,43.34642608,Apple___Apple_scab
54.99913893,28.84587611,64.7386665,64.45352158,Apple___Cedar_apple_rust
74.99336018,41.28417874,52.15810186,32.19472397,Apple___Black_rot
89.4211649,40.79237651,42.02841657,49.10669373,Apple___Black_rot
60.33175658,45.79236286,96.90296274,59.74862396,Apple___healthy
87.287165,47.92345383,48.99569298,44.55878614,Apple___Black_rot
83.94840534,53.89963772,41.20534781,39.18893537,Apple___Black_rot
76.07344154,49.22381128,71.8323388,53.10480492,Apple___healthy
67.35566265,36.38627275,80.68290178,61.80589885,Apple___healthy
82.37222756,53.27609055,41.75285494,44.91467565,Apple___Black_rot
91.55186732,63.57339913,35.42818761,55.75098172,Apple___Apple_scab
62.98644649,36.13330106,64.08896745,69.68041145,Apple___Cedar_apple_rust
79.71300908,36.40099202,82.94978639,58.42849101,Apple___healthy
55.7492333,26.42324305,70.11017521,79.67134413,Apple___Cedar_apple_rust
77.8409311,49.38605071,76.0488196,59.92732494,Apple___healthy
61.30103186,37.51165905,99.89910511,55.03598118,Apple___healthy
77.92484038,58.01403728,41.35225127,45.10083857,Apple___Black_rot
60.62858371,40.06272517,75.06805189,51.34152955,Apple___healthy
68.63890037,37.18982302,99.61828388,56.84163497,Apple___healthy
78.18640804,37.20381283,90.15102053,62.22908471,Apple___healthy
81.84815569,49.07579083,58.54001936,49.83619903,Apple___Black_rot
81.6692817,56.86334706,46.85423804,45.64992132,Apple___Apple_scab
81.6434092,41.87801432,50.05132153,36.68476637,Apple___Black_rot
71.62092432,59.38824645,53.29823449,42.72582708,Apple___Black_rot
83.84553129,44.01049453,51.60344738,49.19153289,Apple___Black_rot
87.45891672,42.34616378,40.51284132,30.24241549,Apple___Black_rot
79.77286381,40.60774119,48.79023377,49.96695023,Apple___Black_rot
86.13122296,53.71130574,47.60391238,49.5174751,Apple___Black_rot
69.4442985,31.95668321,74.55708081,62.64528576,Apple___healthy
68.88897165,36.86652336,79.46153596,76.41962035,Apple___Cedar_apple_rust
71.36617207,49.39757653,75.43699198,68.73659479,Apple___healthy
81.35890461,49.59877669,57.96061098,39.52036259,Apple___Black_rot
66.10180637,27.36694428,75.00531528,70.04854574,Apple___Cedar_apple_rust
70.85392166,43.91948412,87.69753061,60.37676114,Apple___healthy
63.23257428,38.48444018,80.09812835,53.50742557,Apple___healthy
67.32191267,35.03493985,67.42934525,61.69376684,Apple___Cedar_apple_rust
91.22445577,55.61366431,45.32231866,59.62287464,Apple___Apple_scab
89.36386856,47.77116203,47.35518702,38.73701405,Apple___Black_rot
55.01786091,36.08989285,75.54098571,76.41392322,Apple___Cedar_apple_rust
85.97566472,50.82592671,57.68412927,35.93071163,Apple___Black_rot
92.68284277,57.68413426,32.73201807,54.83792654,Apple___Apple_scab
85.13060125,62.68208063,30.1772657,48.91083277,Apple___Apple_scab
61.6889782,37.76236378,69.36138108,73.54876142,Apple___Cedar_apple_rust
97.5916371,66.47580768,34.52057996,46.43339979,Apple___Apple_scab
72.15089704,47.80010684,94.38703027,63.87896889,Apple___healthy
68.54221258,26.25555978,76.7836079,74.56741709,Apple___Cedar_apple_rust
81.57938324,61.77463044,49.25536701,54.36907895,Apple___Apple_scab
94.53341984,62.4132096,30.02707251,57.13074447,Apple___Apple_scab
76.70237709,45.39499223,58.38783946,49.92668675,Apple___Black_rot
80.24808073,60.66773258,37.96010586,47.68710077,Apple___Apple_scab
65.78585697,38.5827904,60.38310971,68.36289576,Apple___Cedar_apple_rust
71.7397352,48.9061051,44.01867377,41.80695381,Apple___Black_rot
82.29537744,60.33145257,42.27208228,45.19083566,Apple___Apple_scab
58.16303382,38.16456977,69.07979822,78.65109757,Apple___Cedar_apple_rust
85.8144633,42.65431508,42.13753846,44.74867537,Apple___Black_rot
93.27579372,60.24727555,44.45413915,53.59240665,Apple___Apple_scab
80.96285672,67.54181162,39.47619657,44.6994681,Apple___Apple_scab
53.20925229,20.77876033,62.23186,65.31856901,Apple___Cedar_apple_rust
83.66590753,53.79053502,52.81652629,42.85130399,Apple___Black_rot
67.73470693,47.75408366,81.93566797,60.83268429,Apple___healthy
63.7026862,31.73873013,67.84187154,62.40775158,Apple___Cedar_apple_rust
75.44489539,40.98453329,85.41968467,66.05706897,Apple___healthy
56.19613751,35.13460334,75.45542839,72.45506806,Apple___Cedar_apple_rust
83.24466812,66.44844747,42.65423757,46.63129398,Apple___Apple_scab
84.93957598,68.19253639,45.29055589,53.48260591,Apple___Apple_scab
89.00701958,69.76071932,34.23988109,46.08397439,Apple___Apple_scab
88.22191205,62.62615106,48.52765213,59.15868242,Apple___Apple_scab
86.07892802,55.76810876,37.58188097,50.88993918,Apple___Apple_scab
98.12874907,67.8504658,38.96638111,52.6184358,Apple___Apple_scab
55.37707029,38.01921791,75.21151285,74.62992928,Apple___Cedar_apple_rust
62.47297557,20.16727364,68.3721455,72.27940613,Apple___Cedar_apple_rust
82.52440643,53.36425597,49.62688303,43.13910313,Apple___Black_rot
86.49361932,44.72100927,50.79914261,31.98356199,Apple___Black_rot
80.66378709,69.68026326,30.29386777,41.56911633,Apple___Apple_scab
88.99922368,49.96391433,50.93394825,35.85644073,Apple___Black_rot
60.81550283,43.45036912,75.59701072,65.27211588,Apple___healthy
69.05630034,24.23271797,75.50488104,61.68255325,Apple___Cedar_apple_rust
80.43646794,54.74866937,43.75444085,50.01207142,Apple___Apple_scab
54.28812966,33.89281918,63.5024628,61.40216279,Apple___Cedar_apple_rust
83.15909646,62.25146937,44.97290468,43.83185891,Apple___Apple_scab
74.59212357,47.10921168,72.27589984,68.29691802,Apple___healthy
75.74477983,41.20704168,49.03535357,37.63879279,Apple___Black_rot
89.62372356,50.14469617,57.55948641,30.06436527,Apple___Black_rot
95.18796525,61.43544704,32.18528421,45.81009011,Apple___Apple_scab
67.40317401,33.76242319,85.0816117,61.80461334,Apple___healthy
51.85250966,24.29825274,62.82447087,68.35333992,Apple___Cedar_apple_rust
97.4115685,69.10121023,42.80952084,56.96084179,Apple___Apple_scab
64.75834787,31.14674339,60.80118238,72.70828714,Apple___Cedar_apple_rust
60.42898048,20.77958641,65.82921827,72.59641309,Apple___Cedar_apple_rust
88.99479685,60.34892704,47.07923934,49.39976536,Apple___Apple_scab
85.16476951,48.43441854,56.00713016,39.21078995,Apple___Black_rot
66.50799396,35.71424173,94.91858223,64.3809181,Apple___healthy
67.16931457,38.39200125,84.76348879,64.75002496,Apple___healthy
75.21570097,33.4640374,75.45640253,53.56071934,Apple___healthy
82.33300629,57.26667299,42.74219411,35.64374149,Apple___Black_rot
84.87016513,41.14173712,49.93926966,37.36619061,Apple___Black_rot
88.48792391,55.59701978,47.03245374,47.84169378,Apple___Black_rot
88.35521959,58.59862155,48.19886288,48.38895988,Apple___Apple_scab
81.35336724,54.38137618,31.55298669,41.46163124,Apple___Apple_scab
87.58236615,59.92667832,49.93533718,44.96146359,Apple___Black_rot
63.42958297,26.67256792,79.35522931,73.14060996,Apple___Cedar_apple_rust
71.64762091,59.54348368,41.15561122,33.68952506,Apple___Black_rot
97.01232116,62.21560142,43.17081031,54.23445611,Apple___Apple_scab
86.09502191,54.02624216,35.99601055,54.02339723,Apple___Apple_scab
83.02493657,56.62694014,32.85700575,43.93851409,Apple___Apple_scab
85.36546828,50.95184752,55.6105103,35.30092857,Apple___Black_rot
52.351026,34.10278291,66.23758872,75.74743916,Apple___Cedar_apple_rust
85.01933323,53.92195425,45.37845564,59.89638588,Apple___Apple_scab
70.65052359,49.26988088,45.19626417,31.37916033,Apple___Black_rot
85.22055805,52.78239876,43.4704903,42.84651052,Apple___Black_rot
74.24358443,49.24345097,80.466048,55.77387474,Apple___healthy
71.35674118,54.09361525,49.74123838,46.5009882,Apple___Black_rot
57.42225877,26.46054692,64.76293307,75.04795765,Apple___Cedar_apple_rust
58.09054771,31.2135659,67.71195185,68.67687846,Apple___Cedar_apple_rust
81.60172416,42.6313537,53.3897391,48.74776133,Apple___Black_rot
61.16167224,48.72309548,97.32781553,62.40145512,Apple___healthy
89.95868221,54.18121039,44.56159544,36.99406459,Apple___Black_rot
63.70887766,34.46887325,65.37124335,66.87915373,Apple___Cedar_apple_rust
74.13714688,49.09730561,95.87091126,60.74791206,Apple___healthy
79.78849927,51.63942804,55.29766523,40.95918978,Apple___Black_rot
88.54979376,65.96760681,37.75297611,43.72271796,Apple___Apple_scab
58.78421202,33.94271612,65.63232084,61.01244945,Apple___Cedar_apple_rust
56.13553199,28.38543322,79.50686267,70.62909828,Apple___Cedar_apple_rust
63.73140118,48.10701284,78.30632944,53.63856261,Apple___healthy
64.46895636,33.9231229,76.51421903,67.0933241,Apple___Cedar_apple_rust
98.0578999,68.88084188,31.15688899,54.0974202,Apple___Apple_scab
88.30976595,52.00041096,44.86964593,37.5177657,Apple___Black_rot
87.91940945,50.20262368,32.67656726,47.17156923,Apple___Apple_scab
73.25044569,40.4448652,80.74488154,67.44247818,Apple___healthy
63.44920996,34.32794224,72.89490497,73.12819207,Apple___Cedar_apple_rust
97.63855517,58.92839033,39.87628081,51.82260607,Apple___Apple_scab
96.12807234,59.87093161,31.00452023,53.33200958,Apple___Apple_scab
70.35747869,44.38427975,57.25594155,45.49267561,Apple___Black_rot
68.12174121,33.84147294,79.46765238,63.69264915,Apple___Cedar_apple_rust
83.92041236,45.53655594,44.67424164,46.83997106,Apple___Black_rot
73.6115069,47.84987113,52.94949428,44.74714155,Apple___Black_rot
88.88118679,46.20723918,59.11047392,31.96165162,Apple___Black_rot
81.01714741,57.41499803,53.80009782,40.84474411,Apple___Black_rot
90.25309506,67.76807345,40.31723805,47.86390402,Apple___Apple_scab
76.91766114,53.45204236,47.97326056,45.69793954,Apple___Black_rot
83.59294565,55.79397014,52.83943001,49.36977555,Apple___Black_rot
70.05274186,43.91497378,94.43724161,65.41824407,Apple___healthy
84.77592423,66.42396565,49.5796223,54.57722885,Apple___Apple_scab
76.98446821,49.26445079,91.92602426,59.52100804,Apple___healthy
75.31200085,43.59366218,51.15566835,32.63457547,Apple___Black_rot
89.37755711,56.76230579,42.70332578,32.94905053,Apple___Black_rot
88.88532978,49.61013895,49.71743518,45.73806773,Apple___Black_rot
50.38257933,33.99279139,63.71466144,74.18877729,Apple___Cedar_apple_rust
81.27281819,61.54558058,41.56596799,43.14546416,Apple___Apple_scab
98.73644924,59.75334137,35.98791177,56.13930982,Apple___Apple_scab
86.51633501,44.1168242,52.01188667,36.11208431,Apple___Black_rot
69.9035382,30.74696377,88.18523903,61.72459664,Apple___healthy
76.01927134,44.03706904,52.12505876,39.96511365,Apple___Black_rot
62.02943086,30.2270729,79.67061535,60.37835411,Apple___healthy
62.9700964,24.35334799,69.16862848,65.05716237,Apple___Cedar_apple_rust
89.16601283,66.05171359,36.97641068,55.85190233,Apple___Apple_scab
56.53485084,39.91262219,64.688512,67.86207815,Apple___Cedar_apple_rust
58.36667728,23.66884393,75.96586394,66.53589412,Apple___Cedar_apple_rust
65.8245828,35.87183689,74.51250673,66.42514609,Apple___healthy
70.37581243,35.64069145,85.97851799,63.05492216,Apple___healthy
75.42540693,41.08708105,74.41220443,56.92691989,Apple___healthy
87.40197748,52.72860499,40.86825066,31.42513456,Apple___Black_rot
75.70351923,40.03032589,84.06079479,52.99834855,Apple___healthy
92.69342547,56.12626998,31.78579049,49.95079704,Apple___Apple_scab
75.59751092,31.67001433,84.43420306,61.94826204,Apple___healthy
70.97467579,32.35052494,92.8068358,51.65597336,Apple___healthy
80.69340533,54.06446182,34.50762536,56.00006964,Apple___Apple_scab
97.16683354,62.52468643,35.31165666,57.23381808,Apple___Apple_scab
75.50265647,40.62709263,95.56544501,53.05078086,Apple___healthy
62.20014834,21.32926652,70.76045411,67.25119593,Apple___Cedar_apple_rust
66.50366644,30.81457605,77.20436856,58.37850899,Apple___healthy
53.7129341,32.390524,65.620995,60.51539198,Apple___Cedar_apple_rust
65.67519685,33.77263259,64.21586203,62.33166149,Apple___Cedar_apple_rust
53.31496354,36.7630995,67.45017863,65.42984005,Apple___Cedar_apple_rust
62.13463449,35.56050486,65.26494693,68.38365752,Apple___Cedar_apple_rust
63.52052576,35.45619147,77.24405947,69.54700796,Apple___Cedar_apple_rust
72.72820823,47.12979682,78.35771017,64.99920941,Apple___healthy
78.2972878,35.54762366,92.42828141,55.44290274,Apple___healthy
93.88301147,56.27933435,32.23024425,55.08496519,Apple___Apple_scab
68.93467458,36.06004144,63.90333034,69.33386242,Apple___Cedar_apple_rust
79.48428433,42.09860357,45.13553135,36.30813791,Apple___Black_rot
96.07207071,63.04583297,45.77864944,57.88188605,Apple___Apple_scab
73.83790395,42.98420604,87.86916222,62.06304219,Apple___healthy
77.97108377,48.1270877,74.03244031,68.28823892,Apple___healthy
80.73948846,52.6312044,46.48667506,40.90053838,Apple___Black_rot
78.39454634,46.54066323,53.84322683,35.97451147,Apple___Black_rot
84.54359114,55.78489544,47.80430005,47.41882016,Apple___Apple_scab
71.10401623,46.43720119,78.39937281,68.28597613,Apple___healthy
68.34822006,32.36329655,91.40048758,54.62149593,Apple___healthy
83.49762874,65.12427228,44.26413767,56.33558933,Apple___Apple_scab
63.22442575,42.86576437,93.98231197,59.06577669,Apple___healthy
71.84829138,44.03933755,71.6912649,64.40073073,Apple___healthy
77.32352292,43.92059593,94.67611729,60.66922184,Apple___healthy
53.97984278,29.02588226,65.56736963,67.99037569,Apple___Cedar_apple_rust
98.36153104,52.78393403,46.14311075,53.89190855,Apple___Apple_scab
54.96767217,21.89835874,67.95731406,67.58080971,Apple___Cedar_apple_rust
65.79502906,37.76339852,71.1793642,65.51055233,Apple___healthy
83.75771445,46.15859883,58.45514381,35.3964144,Apple___Black_rot
63.91965725,36.45912946,70.86348029,68.51137026,Apple___healthy
78.00836114,37.48541592,85.22831136,63.02840777,Apple___healthy
56.68099931,21.38091813,78.75930463,65.9988414,Apple___Cedar_apple_rust
91.30660509,57.23706186,46.56938599,56.87299328,Apple___Apple_scab
82.81423056,50.23413221,46.78676985,57.33540709,Apple___Apple_scab
99.62594181,60.12532119,49.14896038,43.3149956,Apple___Apple_scab
77.89654701,42.74859803,86.82813915,62.13430093,Apple___healthy
80.25377022,54.5433814,42.08219299,42.25879165,Apple___Black_rot
95.72556399,52.6297824,35.90580988,55.43253822,Apple___Apple_scab
57.08849898,39.62235816,66.90167491,62.00491127,Apple___Cedar_apple_rust
98.1228651,51.32887689,35.52339116,40.77859927,Apple___Apple_scab
96.38127028,57.49105774,35.96104417,46.64382066,Apple___Apple_scab
68.56368297,41.67312224,81.51673664,68.34627151,Apple___healthy
63.97431363,44.29191845,93.50959038,50.09264046,Apple___healthy
61.13756886,28.46670288,71.55782225,77.41376911,Apple___Cedar_apple_rust
95.53421114,58.60854821,38.78299633,57.80282275,Apple___Apple_scab
60.76663887,26.50581237,69.32598826,68.56915808,Apple___Cedar_apple_rust
87.43687055,51.70708729,47.93963034,36.53863233,Apple___Black_rot
80.672272,65.47759311,31.24915187,42.94606089,Apple___Apple_scab
78.55546267,46.73791584,41.91429111,40.60604266,Apple___Black_rot
61.95336565,35.63919954,77.79038622,64.18118747,Apple___Cedar_apple_rust
89.42335798,67.8019407,30.96372025,43.0319015,Apple___Apple_scab
80.78982585,47.93846552,54.18092523,33.00338002,Apple___Black_rot
84.83787657,64.44286471,39.15991518,54.68887864,Apple___Apple_scab
73.70265858,55.93074582,50.3816357,40.70620263,Apple___Black_rot
64.83704582,31.62697561,75.61131246,61.53032951,Apple___healthy
61.5395982,41.50948356,90.71184486,51.31417279,Apple___healthy
66.6179605,30.28786977,84.77854282,52.81714041,Apple___healthy
82.77051895,53.35186771,41.24583596,48.8135849,Apple___Black_rot
89.89815645,49.73337883,41.38847685,48.37853067,Apple___Black_rot
76.79749928,41.75732998,43.62298699,42.73339364,Apple___Black_rot
58.8509103,34.96367824,60.60927373,76.88424651,Apple___Cedar_apple_rust
60.68777042,46.45201121,76.85928417,60.11777358,Apple___healthy
58.87838909,28.22383036,70.19708019,60.78538828,Apple___Cedar_apple_rust
83.04208566,50.87478145,32.03784776,51.60177669,Apple___Apple_scab
89.11302996,43.61953905,41.20284685,34.27022733,Apple___Black_rot
64.57596331,48.80460483,85.10251813,61.29682267,Apple___healthy
99.67042945,52.84274248,31.25379243,43.50443544,Apple___Apple_scab
55.00935798,32.11275779,79.944758,66.27756153,Apple___Cedar_apple_rust
85.22047982,52.06897187,48.32307996,45.02750172,Apple___Black_rot
82.55010926,56.29650227,58.00046247,31.96791299,Apple___Black_rot
86.10621353,62.05885753,35.35185353,51.81275668,Apple___Apple_scab
84.16725953,43.34083816,40.72320761,41.08453028,Apple___Black_rot
93.38044675,57.94030082,49.10230415,59.54615816,Apple___Apple_scab
63.13512127,24.40222652,62.88157572,65.19341678,Apple___Cedar_apple_rust
88.23531083,62.34133032,35.99131356,43.23342872,Apple___Apple_scab
53.22725602,35.58205173,76.69143581,70.88397325,Apple___Cedar_apple_rust
74.77554292,50.52805322,53.35099799,35.90889555,Apple___Black_rot
65.03564592,38.25235354,79.66237497,67.11392936,Apple___healthy
95.95828319,61.87321582,35.68548186,51.28148058,Apple___Apple_scab
82.26822778,43.99084902,53.90289108,32.56191493,Apple___Black_rot
87.57259973,56.57766732,55.10540841,44.66142592,Apple___Black_rot
98.21540323,58.03557601,35.86617222,56.14141808,Apple___Apple_scab
85.63042397,50.78919066,49.48388888,51.24145589,Apple___Apple_scab
53.58506511,32.71880654,74.12492325,60.57304855,Apple___Cedar_apple_rust
79.02774049,53.02465954,41.22699254,38.19809779,Apple___Black_rot
61.43491966,26.74413151,77.94731732,65.43266363,Apple___Cedar_apple_rust
70.17141382,33.25868854,72.66107601,67.96108579,Apple___healthy
93.0229517,63.76548472,39.44563608,44.60833324,Apple___Apple_scab
70.49173833,52.3569448,48.64995757,34.41223905,Apple___Black_rot
90.9329644,51.15295164,45.47982756,47.3856154,Apple___Apple_scab
87.34588402,54.13554434,54.17489395,45.67583569,Apple___Black_rot
66.3600695,31.88885922,81.11416308,62.87999086,Apple___healthy
78.18668013,48.7116663,52.30438876,46.83867134,Apple___Black_rot
87.04749893,59.71179399,34.31481358,54.58689588,Apple___Apple_scab
55.41612656,24.37431226,73.45529229,67.90518631,Apple___Cedar_apple_rust
82.51782753,53.78929938,45.13125567,43.60455558,Apple___Black_rot
93.08349203,51.41864432,49.95641711,44.18370931,Apple___Apple_scab
63.53881566,38.83383973,78.94322926,64.62950428,Apple___Cedar_apple_rust
62.32600972,20.63487531,75.07736165,66.74908558,Apple___Cedar_apple_rust
50.18108323,27.65597529,65.71415135,71.01326759,Apple___Cedar_apple_rust
85.94475615,52.49641628,34.9320727,54.07399559,Apple___Apple_scab
84.16344177,53.46864867,55.29619602,31.54116558,Apple___Black_rot
73.47790498,57.46846476,50.38119582,35.0448204,Apple___Black_rot
83.74823888,64.11171725,49.01545415,56.21757162,Apple___Apple_scab
60.18394103,39.85250209,99.69880697,57.66277056,Apple___healthy
62.78987721,46.20226789,81.4267257,66.92904583,Apple___healthy
75.74076266,58.67750035,56.34899417,38.25243682,Apple___Black_rot
93.06325581,69.22270971,36.74691094,54.18641657,Apple___Apple_scab
76.16794696,30.71884548,98.3429719,68.16901123,Apple___healthy
76.47220438,51.41219493,50.12283726,44.71326228,Apple___Black_rot
65.57292928,45.09085748,84.95326597,51.71017062,Apple___healthy
71.78822005,54.38403557,47.81811992,42.03763179,Apple___Black_rot
78.35533564,56.3459554,45.49612071,30.41889922,Apple___Black_rot
77.21461167,30.46543871,92.42412814,63.17847884,Apple___healthy
97.11474518,59.17046018,33.9843055,43.63227936,Apple___Apple_scab
91.96714969,65.81019589,34.56470727,40.22835967,Apple___Apple_scab
86.95882823,54.35785109,47.00696002,44.52250662,Apple___Apple_scab
90.10413547,66.91208726,47.8374429,58.92913026,Apple___Apple_scab
86.57830948,49.97776307,50.78322553,46.81743159,Apple___Black_rot
64.55870325,31.42377297,88.54764315,50.50772711,Apple___healthy
74.63343403,40.61305004,54.35195531,34.49231224,Apple___Black_rot
64.84110543,47.91046457,73.82740908,67.85343422,Apple___healthy
83.68449678,55.90081415,34.93647738,59.00918341,Apple___Apple_scab
81.04515759,63.04448519,37.17431051,49.19329741,Apple___Apple_scab
94.6164193,64.87187832,34.21409928,40.87799885,Apple___Apple_scab
63.92859614,37.65829633,61.11211043,61.02587698,Apple___Cedar_apple_rust
56.02092156,20.44851778,61.0048602,60.12758087,Apple___Cedar_apple_rust
61.48089303,42.23441492,97.79762875,56.93906404,Apple___healthy
83.29412707,58.43656357,46.06965487,40.18076938,Apple___Apple_scab
93.72654393,53.20049873,42.89665208,46.50590268,Apple___Apple_scab
54.00564036,20.67352808,61.87553053,77.72363544,Apple___Cedar_apple_rust
87.61741518,56.11340306,46.11048621,37.35881503,Apple___Black_rot
96.7408225,68.00166366,35.74819193,58.03880393,Apple___Apple_scab
97.80516106,61.64397493,43.32770827,58.81569041,Apple___Apple_scab
72.05019456,42.7930251,42.65049345,43.52935874,Apple___Black_rot
51.36917439,33.33694783,64.15081872,68.06421266,Apple___Cedar_apple_rust
89.02478688,50.0313021,42.06986192,41.90798555,Apple___Apple_scab
66.50660662,35.41664503,88.60928654,52.26476092,Apple___healthy
73.68466053,35.73082504,83.51632406,59.24011607,Apple___healthy
69.60737482,36.07075319,67.10639497,69.27963396,Apple___Cedar_apple_rust
95.32129553,56.80774209,38.2728535,51.67545561,Apple___Apple_scab
83.70660359,67.27095045,40.88964666,50.09591197,Apple___Apple_scab
85.43899452,67.57957801,34.00949031,58.34971686,Apple___Apple_scab
91.20336367,57.69022655,32.68870259,45.4940763,Apple___Apple_scab
72.84063292,45.54293832,85.97768298,62.01033721,Apple___healthy
93.13560209,57.38106044,43.65234442,40.89822598,Apple___Apple_scab
60.11044234,43.20394753,81.89628347,56.66998343,Apple___healthy
75.19607162,42.96686402,56.118508,37.10986021,Apple___Black_rot
54.95119541,31.90606532,64.41008527,63.63557734,Apple___Cedar_apple_rust
74.67215502,43.1908936,43.36028415,32.42772836,Apple___Black_rot
98.30180137,62.72192093,42.59115394,53.13262147,Apple___Apple_scab
88.8723184,48.08280643,42.02091622,40.36157532,Apple___Black_rot
74.56432697,31.82573354,87.12334914,57.59384816,Apple___healthy
72.64611661,49.00123934,99.59545746,55.36127282,Apple___healthy
79.34803022,53.00651373,42.72879505,43.12957215,Apple___Black_rot
83.3154908,60.25335452,46.1647042,58.87403186,Apple___Apple_scab
74.60017675,51.19297367,54.32301348,39.22954929,Apple___Black_rot
74.4763523,52.45933167,50.65915573,33.54857539,Apple___Black_rot
62.49748199,22.34407811,60.60052011,73.82111625,Apple___Cedar_apple_rust
83.60998604,48.13815921,53.90070458,37.24470883,Apple___Black_rot
65.15883255,31.68213612,97.88127967,53.43358572,Apple___healthy
64.37479236,36.7473416,68.85596273,71.76704442,Apple___Cedar_apple_rust
65.61544725,30.90892761,81.77335322,63.76804793,Apple___healthy
82.25160781,60.86049168,30.47189929,49.92517506,Apple___Apple_scab
78.56637125,37.06704456,96.9872372,51.83164147,Apple___healthy
82.33853837,46.3231221,47.61246587,43.91236293,Apple___Black_rot
88.78135397,41.03942567,56.38377719,37.06502817,Apple___Black_rot
98.91396294,55.86977646,48.95376052,59.20271209,Apple___Apple_scab
86.19032149,49.84555713,59.15250569,46.81406056,Apple___Black_rot
86.3166625,58.24726691,57.60158175,45.52894893,Apple___Black_rot
53.77081211,29.4784244,69.79248924,63.22437624,Apple___Cedar_apple_rust
97.84604996,59.66814872,49.82655803,41.03337443,Apple___Apple_scab
51.53958934,21.37427355,69.75668637,66.95037591,Apple___Cedar_apple_rust
70.48801563,42.09135681,51.00453084,31.44168672,Apple___Black_rot
82.41831036,48.87500439,42.92747984,44.15361869,Apple___Black_rot
62.83468795,29.7018932,75.18585014,71.33210518,Apple___Cedar_apple_rust
84.46840227,43.27047745,55.12326658,43.77770604,Apple___Black_rot
69.87591193,42.31700196,84.21884921,58.29248247,Apple___healthy
52.26607009,27.78809878,62.93843847,71.89694759,Apple___Cedar_apple_rust
64.09108856,21.33129456,63.09850622,73.17435277,Apple___Cedar_apple_rust
92.8576382,69.11837658,31.16183904,59.69716806,Apple___Apple_scab
95.85708838,63.37145293,45.50692301,47.14242319,Apple___Apple_scab
54.44722609,28.037744,71.90425668,68.52242476,Apple___Cedar_apple_rust
91.20881262,66.67299924,39.28190319,54.28848328,Apple___Apple_scab
50.43826658,22.6016134,70.02551289,65.43997211,Apple___Cedar_apple_rust
84.79748226,62.11558499,38.33008864,41.0926884,Apple___Apple_scab
50.30221368,29.67978736,71.4857515,67.18417494,Apple___Cedar_apple_rust
62.26947042,45.23021263,77.73708481,66.69860474,Apple___healthy
64.7576997,39.36131624,77.29317844,60.64886892,Apple___Cedar_apple_rust
52.20863727,31.6190076,75.01539298,78.77059567,Apple___Cedar_apple_rust
51.25052591,25.29270054,64.36415069,63.13625411,Apple___Cedar_apple_rust
79.39819704,49.801077,82.54729109,56.23444136,Apple___healthy
66.78059582,46.25599135,73.44510474,54.12842544,Apple___healthy
85.41843689,44.54539255,55.38609787,42.20450299,Apple___Black_rot
85.72690029,51.10727102,44.63894192,49.59940659,Apple___Black_rot
73.55128724,45.83158087,75.20120786,67.36935952,Apple___healthy
69.30030739,20.10626951,73.34424674,76.47104453,Apple___Cedar_apple_rust
82.31726376,44.00300488,49.67091293,31.69584032,Apple___Black_rot
67.90692178,36.50831328,69.74530708,62.92872513,Apple___Cedar_apple_rust
83.96195266,55.08783162,43.53642598,40.99958057,Apple___Apple_scab
75.11102277,41.71551163,80.92809583,59.4413389,Apple___healthy
58.65533759,20.19957553,69.38214422,78.04826067,Apple___Cedar_apple_rust
69.41353091,37.54700906,76.18047281,61.3446836,Apple___Cedar_apple_rust
62.60494439,21.34511828,75.38897788,68.62603413,Apple___Cedar_apple_rust
71.52261719,46.50380128,44.69284164,39.23114949,Apple___Black_rot
95.07923807,69.87696778,45.46283748,43.90481206,Apple___Apple_scab
60.7110763,27.78460943,71.3156311,70.92917083,Apple___Cedar_apple_rust
58.19342107,20.28762892,68.98077536,76.10860086,Apple___Cedar_apple_rust
93.01946934,52.27676787,31.53724151,49.53800213,Apple___Apple_scab
75.92616241,44.94206468,51.73216926,34.11374524,Apple___Black_rot
73.72876524,47.42077526,41.58838738,33.9494098,Apple___Black_rot
65.30404735,40.55402218,87.2341934,50.6236627,Apple___healthy
94.07371955,54.55499472,47.97121209,47.6103542,Apple___Apple_scab
63.10347429,35.28706773,64.74957114,78.93512489,Apple___Cedar_apple_rust
77.01423631,57.41938247,44.2408968,45.49307062,Apple___Black_rot
69.0298142,21.76769894,75.85189626,71.14081027,Apple___Cedar_apple_rust
70.58494566,57.36542561,48.94405081,32.97776101,Apple___Black_rot
77.68653294,43.64235831,40.47277172,30.83902447,Apple___Black_rot
71.97316968,36.3384401,94.41385059,56.69811229,Apple___healthy
88.85463548,45.15365777,53.84872303,37.44334048,Apple___Black_rot
64.85762987,24.86793366,78.41479301,78.32841089,Apple___Cedar_apple_rust
60.13904261,46.28936965,71.10049609,50.54191985,Apple___healthy
72.75114943,44.07315719,73.86639166,57.24787798,Apple___healthy
68.20765846,30.53022621,76.19001155,50.73099336,Apple___healthy
60.30913233,39.2739681,76.96638085,57.21947794,Apple___healthy
82.63627054,40.83145718,57.3611338,42.39178675,Apple___Black_rot
80.57874268,58.72424492,52.0322364,44.75016719,Apple___Black_rot
63.6680902,44.81537236,70.79100923,61.3977937,Apple___healthy
66.0175662,45.52825921,79.82492057,57.94367059,Apple___healthy
51.82782973,25.28123969,75.95464527,65.10672748,Apple___Cedar_apple_rust
55.55705552,29.32619512,64.65011984,76.01961401,Apple___Cedar_apple_rust
84.75164603,52.8715539,48.47476507,49.3572007,Apple___Black_rot
72.66202915,37.41284294,77.27229197,66.59483607,Apple___healthy
70.21494605,35.6370955,77.57310833,54.43944324,Apple___healthy
74.06037918,33.54879088,77.27411511,54.76365562,Apple___healthy
60.88507932,25.19152899,67.02438775,64.40892008,Apple___Cedar_apple_rust
76.344444,31.45526013,87.14838068,50.36781353,Apple___healthy
61.75171742,23.899504,77.1958935,67.69222152,Apple___Cedar_apple_rust
53.87726136,33.55063228,66.35099401,79.49381192,Apple___Cedar_apple_rust
66.82132702,32.85983364,94.51216213,52.78712148,Apple___healthy
60.30011319,34.14794,73.5478626,66.14432834,Apple___Cedar_apple_rust
89.82337252,41.44396818,48.5639923,48.56167281,Apple___Black_rot
73.21519792,50.62339056,59.8431603,38.97221262,Apple___Black_rot
70.59301157,44.12484454,93.084788,52.35502166,Apple___healthy
68.29097328,38.15677028,63.70540711,72.25591671,Apple___Cedar_apple_rust
66.7581675,23.34714064,77.69710235,77.36819048,Apple___Cedar_apple_rust
72.67059422,49.01214294,88.17324458,62.48297816,Apple___healthy
74.40366404,45.16266865,55.90899922,45.22243074,Apple___Black_rot
64.75275088,48.10763953,89.37751724,55.18846867,Apple___healthy
75.48430405,55.2457027,59.93393708,38.59313625,Apple___Black_rot
73.71051031,48.97387245,48.28259505,44.59016457,Apple___Black_rot
72.19128668,47.16825504,87.80777361,55.86295461,Apple___healthy
95.44024953,51.02270763,42.95634892,40.58339527,Apple___Apple_scab
78.85819408,44.70142088,73.21516034,65.99832171,Apple___healthy
97.14358514,68.04906615,30.93703817,44.41705566,Apple___Apple_scab
62.62837842,34.74852172,77.69173776,63.22734717,Apple___Cedar_apple_rust
89.88424895,62.91644773,38.65458272,48.50456371,Apple___Apple_scab
69.02846442,29.28477039,69.19168114,61.05530516,Apple___Cedar_apple_rust
96.44206321,52.42050001,34.83863361,55.22015847,Apple___Apple_scab
59.66079395,39.94364708,62.74296976,78.76631457,Apple___Cedar_apple_rust
70.42538822,54.12951453,52.66302751,30.2421695,Apple___Black_rot
63.60223771,34.99955597,66.56466211,66.06571782,Apple___Cedar_apple_rust
86.89098797,59.73325187,46.1457993,38.75206248,Apple___Black_rot
85.58552177,52.3227792,37.35571976,56.13387039,Apple___Apple_scab
82.109474,59.12473018,31.43551612,59.86510031,Apple___Apple_scab
94.62992981,62.02148334,45.22075581,48.18824144,Apple___Apple_scab
55.17423284,23.75840762,64.37419601,73.23555465,Apple___Cedar_apple_rust
59.82191459,31.32361382,68.76357226,67.90310595,Apple___Cedar_apple_rust
86.94686653,61.83394325,30.38232189,50.59319448,Apple___Apple_scab
58.67165585,24.83001256,73.23334519,61.36900905,Apple___Cedar_apple_rust
63.69708911,31.7069493,93.16955175,68.44998762,Apple___healthy
79.90293054,42.61747321,43.04832027,34.93357729,Apple___Black_rot
84.49533543,47.01253862,53.62235708,42.2786717,Apple___Black_rot
72.02230023,41.4012234,98.4939974,67.87785166,Apple___healthy
70.05358046,38.57988055,90.37306957,67.92671637,Apple___healthy
71.34701203,59.39824092,43.49677255,31.17101858,Apple___Black_rot
88.89464045,59.49586324,59.7557104,46.23539576,Apple___Black_rot
72.90944592,49.00822968,83.17404726,54.92804066,Apple___healthy
77.4292118,37.72205276,97.62617202,61.19280663,Apple___healthy
81.30409183,51.19049401,47.77318161,53.24868023,Apple___Apple_scab
81.63450691,56.77721299,31.32019688,43.802153,Apple___Apple_scab
51.12352155,35.67476502,71.02319924,79.3149442,Apple___Cedar_apple_rust
91.6561367,65.23596383,33.91666168,51.05414151,Apple___Apple_scab
59.00508492,37.78255848,79.02889651,70.63144305,Apple___Cedar_apple_rust
55.78374893,39.81358314,62.50972594,63.62366558,Apple___Cedar_apple_rust
71.82973675,54.31649929,59.88278722,30.86347472,Apple___Black_rot
67.52638866,34.30200323,73.35735813,72.04898884,Apple___Cedar_apple_rust
98.14390061,60.83409625,41.9026335,52.03107759,Apple___Apple_scab
99.44010659,50.91297491,30.28630555,55.86285748,Apple___Apple_scab
60.38449142,23.07382086,63.00944542,76.64727079,Apple___Cedar_apple_rust
73.15225785,30.24308949,98.1502137,63.27342331,Apple___healthy
62.33567216,37.58371545,69.7226097,78.68608228,Apple___Cedar_apple_rust
68.89472518,33.42314947,69.85138142,64.42477393,Apple___Cedar_apple_rust
85.5969079,40.09879962,41.61838566,41.76404534,Apple___Black_rot
94.24028041,58.1925779,37.39626512,40.0002327,Apple___Apple_scab
78.97771075,31.8796388,86.66295117,56.91391987,Apple___healthy
89.01727125,51.34032522,42.84498737,30.48383528,Apple___Black_rot
58.64037855,27.7565218,65.12926122,71.53714762,Apple___Cedar_apple_rust
65.17559963,32.54121025,88.54384721,50.36220368,Apple___healthy
60.92900825,45.91585339,95.94167129,62.82295266,Apple___healthy
50.27491108,25.39023725,76.90241703,73.5164585,Apple___Cedar_apple_rust
57.85461487,21.06695994,65.30992815,64.67625666,Apple___Cedar_apple_rust
54.59196322,23.58712021,79.80217692,60.22605073,Apple___Cedar_apple_rust
60.73773895,48.61514651,96.71581842,54.09968591,Apple___healthy
52.02745795,37.65119754,65.98766747,76.53102148,Apple___Cedar_apple_rust
67.35431606,47.82286227,92.23361948,54.29880757,Apple___healthy
52.10786436,33.08684011,63.21359169,66.91612197,Apple___Cedar_apple_rust
63.32926095,36.89742696,68.59970428,76.65859431,Apple___Cedar_apple_rust
70.71549368,41.46875776,77.11680375,58.18823304,Apple___healthy
64.73070457,32.4094757,69.66361727,67.61982547,Apple___Cedar_apple_rust
50.30789783,35.17430642,75.24893917,62.37287531,Apple___Cedar_apple_rust
70.74015269,52.36311469,46.22615398,30.76852698,Apple___Black_rot
94.97652674,59.08003242,43.14706964,46.07885025,Apple___Apple_scab
71.53906403,46.52922616,48.27098203,43.18707844,Apple___Black_rot
87.47354228,41.60229693,47.06842759,43.20605439,Apple___Black_rot
63.99347564,45.96590358,82.44458507,54.5850279,Apple___healthy
61.8057954,42.63674424,73.05347418,61.04094362,Apple___healthy
67.13506653,49.25296829,70.43633997,68.41683765,Apple___healthy
72.23705789,46.18722311,87.82392146,52.21263474,Apple___healthy
92.3059605,61.17284793,35.40786573,55.17552508,Apple___Apple_scab
